Designator,Val,Package,Mid X,Mid Y,Rotation,Layer
C1,100nF,C_0603_1608Metric,50.1,-35.225,-90,top
C2,10uF,C_0603_1608Metric,51.6,-35.225,-90,top
C3,100uF,CAP-SMD_L3.5-W2.8,57.2,-41.7,0,top
C4,1uF,C_0603_1608Metric,46.2,-40.95,90,top
C5,1uF,C_0603_1608Metric,44.2,-40.95,90,top
C6,10uF,C_0603_1608Metric,39.9,-46.85,-90,top
C7,220uF,CAP-SMD_BD6.3-L6.6-W6.6-LS7.2-R-RD,39.9,-40.75,-90,top
C8,100nF,C_0603_1608Metric,38.4,-46.85,-90,top
C9,10uF,C_0603_1608Metric,34.7,-41.95,180,top
C10,100nF,C_0402_1005Metric,58.4,-66.3,90,top
C11,10uF,C_0402_1005Metric,57.9,-67.8,180,top
C12,100nF,C_0603_1608Metric,33.93,-39.175,-90,top
C13,10uF,C_0603_1608Metric,35.43,-39.175,-90,top
C14,100uF,CAP-SMD_L3.5-W2.8,28.9,-45.8,180,top
C15,10uF,C_0603_1608Metric,22.4,-48.4,0,top
C16,10uF,C_0402_1005Metric,56,-67.8,0,top
C17,22nF,C_0402_1005Metric,58.4,-64.4,-90,top
C18,1uF,C_0402_1005Metric,44.04125,-85.894995,90,top
C19,1uF,C_0402_1005Metric,43.04125,-85.894995,90,top
C20,10uF,C_0402_1005Metric,49.1,-87.4,180,top
C21,10uF,C_0402_1005Metric,49.1,-88.4,180,top
C22,1uF,C_0603_1608Metric,48.6,-96.1,180,top
C23,10uF,C_1206_3216Metric,47.5,-26,0,top
C24,10uF,C_1206_3216Metric,47.5,-28.3,0,top
C25,220uF,CAP-SMD_BD6.3-L6.6-W6.6-LS7.2-R-RD,39.9,-32.3,0,top
C26,100nF,C_0402_1005Metric,73,-75.42,180,top
C27,100nF,C_0402_1005Metric,73,-74.42,180,top
C28,10uF,C_0402_1005Metric,61,-56.6,90,top
C29,100nF,C_0402_1005Metric,71.1,-74.42,180,top
C30,100nF,C_0402_1005Metric,62,-56.6,90,top
C31,100nF,C_0402_1005Metric,77.3,-57.4,90,top
C32,100nF,C_0402_1005Metric,67.38,-74.73,180,top
C33,100nF,C_0402_1005Metric,60.8,-71.7,180,top
C34,100nF,C_0402_1005Metric,78.3,-70.32,-90,top
C35,15pF,C_0402_1005Metric,61.4,-74.72,180,top
C36,15pF,C_0402_1005Metric,63.4,-74.72,180,top
C37,100nF,C_0402_1005Metric,63.7,-78.5,0,top
C38,2.2uF,C_0402_1005Metric,78.3,-58.72,90,top
C39,2.2uF,C_0402_1005Metric,63.3,-55.2,180,top
C40,15pF,C_0402_1005Metric,65.8,-77.01,90,top
C41,15pF,C_0402_1005Metric,71.2,-77.01,-90,top
C42,1uF,C_0603_1608Metric,56.6,-70,90,top
C43,10uF,C_0603_1608Metric,52.1,-70,-90,top
C44,100nF,C_0603_1608Metric,50.6,-70,90,top
C45,1uF,C_0402_1005Metric,50.3,-65,-90,top
C46,100nF,C_0402_1005Metric,52.3,-65,90,top
C47,10uF,C_0402_1005Metric,51.3,-65,90,top
C48,100nF,C_0402_1005Metric,51.81,-72.45,90,top
C49,1uF,C_0603_1608Metric,42.04375,-89.049995,180,top
C50,100nF,C_0603_1608Metric,42.04375,-90.549995,0,top
C51,100nF,C_0603_1608Metric,55.92,-56.44,180,top
C52,4.7nF,C_0603_1608Metric,40.54375,-87.549995,180,top
C53,1uF,C_0402_1005Metric,77.2,-53.8,90,top
C54,470pF,C_0402_1005Metric,78.2,-53.8,90,top
C55,100nF,C_0402_1005Metric,76.9,-48,90,top
C56,100nF,C_0402_1005Metric,82.2,-46.8,0,top
C57,10uF,C_0402_1005Metric,76.0125,-43.8,90,top
C58,10uF,C_0402_1005Metric,74.0125,-43.8,90,top
C59,10uF,C_0402_1005Metric,81.3,-54.4,-90,top
C60,100nF,C_0402_1005Metric,80.3,-54.4,-90,top
C61,10pF,C_0402_1005Metric,82.4,-38.4,180,top
C62,10pF,C_0402_1005Metric,84.4,-38.4,0,top
C63,10pF,C_0402_1005Metric,76.5,-38.4,180,top
C64,10pF,C_0402_1005Metric,78.4,-38.4,0,top
C65,220nF,C_0402_1005Metric,80.4,-38.4,180,top
C66,15pF,C_0402_1005Metric,74.055,-52.775,180,top
C67,15pF,C_0402_1005Metric,74.055,-47.375,0,top
C68,10uF,C_0603_1608Metric,68,-88.3,180,top
C69,10uF,C_0603_1608Metric,68,-89.9,0,top
C70,100nF,C_0402_1005Metric,27.6,-52.81,90,top
C71,10uF,C_1206_3216Metric,43.6,-75.6,0,top
C72,10uF,C_1206_3216Metric,43.6,-78,0,top
C73,10uF,C_1206_3216Metric,44.025,-55.1,0,top
C74,10uF,C_1206_3216Metric,44.025,-52.7,0,top
C75,100nF,C_0402_1005Metric,26.500005,-78.1,-90,top
CAM1,OV2640_7mm_FPC-05F-24PH20,OV2640_7mm_FPC-05F-24PH20,47.56,-64.99,-90,top
D1,SMAJ5.0CA,D_SMA,56.5,-45,180,top
D2,ZMM10,LL-34_L3.5-W1.5-RD,51.6,-41.5,0,top
D3,ZMM5V6,LL-34_L3.5-W1.5-RD,60.725,-27.7,180,top
D4,SS34,D_SMA,41.7,-25.1,90,top
D5,BAT54C,SOT-23-3_L2.9-W1.6-P1.90-LS2.8-BR,62.1,-80,-90,top
D6,1N4148W,D_SOD-123F,35.29375,-96.449995,-90,top
D7,PESD3V3S1BA-N,D_SOD-523,37.29375,-95.499995,-90,top
D8,PESD3V3S1BA-N,D_SOD-523,39.29375,-90.549995,180,top
D9,1N4148W,D_SOD-123F,68.4,-92.9,-90,top
D10,PESD3V3S1BA-N,D_SOD-523,36.500005,-75.4,-90,top
D11,PESD3V3S1BA-N,D_SOD-523,36.5,-51.91,90,top
F1,FUSE 0.75A,Fuse_1812_4532Metric,46.8,-22.8,180,top
F2,FUSE 0.75A,Fuse_1812_4532Metric,55.025,-28.5,180,top
F3,FUSE 0.75A,Fuse_1812_4532Metric,37.9,-25.7,90,top
F4,100mA,Fuse_0603_1608Metric,59.335,-52.4,90,top
F5,100mA,Fuse_0603_1608Metric,83.3,-77.9,180,top
F6,FUSE 500mA,Fuse_0805_2012Metric,69,-31,90,top
L1,100R,L_0805_2012Metric,45.2,-43.35,180,top
L2,600R,L_0603_1608Metric,43.62875,-87.549995,180,top
L3,600R,L_0603_1608Metric,48.6,-89.7,0,top
L4,100R,L_0805_2012Metric,44.3,-27.6,-90,top
L5,100R,L_0805_2012Metric,41.74125,-97.694995,180,top
L6,600R,L_0603_1608Metric,54.36,-69.25,180,top
L7,600R,L_0603_1608Metric,54.36,-70.75,180,top
L8,100R,L_0805_2012Metric,30.2,-84.9,90,top
L9,600R,L_0603_1608Metric,75.0125,-45.5,180,top
L10,600R,L_0603_1608Metric,88.5,-39.4,-90,top
L11,600R,L_0603_1608Metric,70.3,-89.1,-90,top
L12,600R,L_0603_1608Metric,69.2,-27.7,-90,top
L13,600R,L_0603_1608Metric,40.5,-76.8,-90,top
L14,600R,L_0603_1608Metric,40.925,-53.9,90,top
LED1,LOAD,LED_0603_1608Metric,54.3,-93.1,-90,top
LED2,STAT,LED_0603_1608Metric,59.8,-93.1,-90,top
LED3,VSYNC,LED_0603_1608Metric,54.85,-74.4,180,top
LED4,PWR,LED_0603_1608Metric,44.3625,-83.8,0,top
LED5,JE2835AWT,LED-SMD_L3.3-W2.8-RD,24.5,-72,0,top
LED6,JE2835AWT,LED-SMD_L3.3-W2.8-RD,32.5,-72,0,top
LED7,JE2835AWT,LED-SMD_L3.3-W2.8-RD,40.5,-72,0,top
LED8,JE2835AWT,LED-SMD_L3.3-W2.8-RD,24.5,-58,0,top
LED9,JE2835AWT,LED-SMD_L3.3-W2.8-RD,32.5,-58,0,top
LED10,JE2835AWT,LED-SMD_L3.3-W2.8-RD,40.5,-58,0,top
Q1,AO3400A,SOT-23-3_L2.9-W1.6-P1.90-LS2.8-BR,50.3,-38.45,0,top
Q2,AO3401A,SOT-23_L2.9-W1.3-P1.90-LS2.4-BR,59.9,-32.1,90,top
Q3,S9013J3,SOT-23-3_L2.9-W1.3-P1.90-LS2.4-BR,53.5,-89.8,90,top
Q4,S9013J3,SOT-23-3_L2.9-W1.3-P1.90-LS2.4-BR,59,-89.8,90,top
Q5,S9013J3,SOT-23-3_L2.9-W1.3-P1.90-LS2.4-BR,51.5,-75.2,180,top
Q6,SS8050,SOT-23-3_L2.9-W1.3-P1.90-LS2.4-BR,70.3,-96,-90,top
R1,4.7k,R_0402_1005Metric,36.9,-45.55,90,top
R2,4.7k,R_0603_1608Metric,50.7,-45,0,top
R3,6.8k,R_0402_1005Metric,32.3,-44.8,-90,top
R4,4.7k,R_0603_1608Metric,62.4,-30.3,-90,top
R5,47k,R_0603_1608Metric,50.7,-43.4,180,top
R6,47k,R_0603_1608Metric,60.025,-29.6,0,top
R7,4.7k,R_0402_1005Metric,20.93,-45.15,-90,top
R8,6.8k,R_0402_1005Metric,25.5,-46.4,90,top
R9,800R,R_0603_1608Metric,48.6,-91.2,0,top
R10,0R,R_0603_1608Metric,68.3,-55.2,0,top
R11,10k,R_0402_1005Metric,77.29,-84.65,180,top
R12,10k,R_0402_1005Metric,77.35,-78.35,180,top
R13,33R,R_0603_1608Metric,68.3,-53.6,0,top
R14,49.9R,R_0603_1608Metric,51.335,-52.4,-90,top
R15,49.9R,R_0603_1608Metric,52.835,-52.4,-90,top
R16,49.9R,R_0603_1608Metric,57.835,-52.4,-90,top
R17,49.9R,R_0603_1608Metric,83.3,-79.4,180,top
R18,49.9R,R_0603_1608Metric,83.3,-80.9,180,top
R19,1k,R_0402_1005Metric,79.3,-84.65,180,top
R20,1k,R_0402_1005Metric,79.3,-78.35,0,top
R21,2.2k,R_0402_1005Metric,54.3,-73.01,0,top
R22,2.2k,R_0402_1005Metric,54.3,-72.01,0,top
R23,10k,R_0402_1005Metric,52.79,-72.47,90,top
R24,10k,R_0402_1005Metric,53.3,-65,90,top
R25,10k,R_0402_1005Metric,53.41,-56.7,180,top
R26,51R,R_0603_1608Metric,39.04375,-89.049995,180,top
R27,100R,R_0603_1608Metric,33.29375,-95.699995,-90,top
R28,5.1k,R_0603_1608Metric,31.79375,-95.699995,-90,top
R29,10K,RES-ADJ-SMD_3P-L3.0-W3.8-P1.75-BR,35.24375,-92.099995,180,top
R30,270R,R_0603_1608Metric,87,-46,-90,top
R31,270R,R_0603_1608Metric,72.8,-38.7,0,top
R32,49.9R,R_0402_1005Metric,81.45,-43.8,90,top
R33,49.9R,R_0402_1005Metric,82.45,-44.9,90,top
R34,49.9R,R_0402_1005Metric,78.35,-45,90,top
R35,49.9R,R_0402_1005Metric,79.35,-43.8,90,top
R36,10k,R_0402_1005Metric,82.3,-54.4,-90,top
R37,12.1k,R_0402_1005Metric,78.4,-46.8,0,top
R38,33R,R_0603_1608Metric,84.5,-51.2,180,top
R39,4.7k,R_0603_1608Metric,72.8,-40.2,0,top
R40,4.7k,R_0603_1608Metric,88.5,-46,-90,top
R42,330,R_0603_1608Metric,52.8,-93.1,90,top
R43,330,R_0603_1608Metric,58.3,-93.1,90,top
R44,330,R_0603_1608Metric,54.85,-75.9,180,top
R45,0,R_0603_1608Metric,70.3,-92.1,-90,top
R46,0R,R_0603_1608Metric,66.6,-36.9,90,top
R47,47k,R_0402_1005Metric,54.4,-87.4,180,top
R48,47k,R_0402_1005Metric,60,-87.4,180,top
R49,47k,R_0402_1005Metric,49.15,-74.2,-90,top
R50,1k,R_0402_1005Metric,68.2,-96.11,-90,top
R51,220,R_0603_1608Metric,41.2625,-83.8,180,top
R52,10k,R_0402_1005Metric,68.2,-98.1,90,top
R53,22k,R_0402_1005Metric,52.5,-87.4,0,top
R54,22k,R_0402_1005Metric,58.1,-87.4,0,top
R55,22k,R_0402_1005Metric,49.15,-76.1,90,top
R56,1k,R_0402_1005Metric,36.5,-54.21,90,top
R57,1k,R_0402_1005Metric,36.500005,-77.7,90,top
R58,4.7k,R_0402_1005Metric,26.500005,-75.4,90,top
R59,10k,R_0402_1005Metric,23,-66,180,top
R60,20R,R_0603_1608Metric,25.5,-68.25,90,top
R61,10k,R_0402_1005Metric,24.75,-64,0,top
R62,20R,R_0603_1608Metric,22.25,-61.75,-90,top
SW1,BTN-TS-1187A-B-A-B,SW-SMD_4P-L5.1-W5.1-P3.70-LS6.5-TL-2,31.400005,-76.7,0,top
SW2,BTN-TS-1187A-B-A-B,SW-SMD_4P-L5.1-W5.1-P3.70-LS6.5-TL-2,31.4,-52.81,180,top
TV1,SRV05-4-P-T7,SOT-23-6_L2.9-W1.6-P0.95-LS2.8-BR,55.335,-52.9,90,top
TV2,SRV05-4-P-T7,SOT-23-6_L2.9-W1.6-P0.95-LS2.8-BR,82.6,-83.7,180,top
TV3,SRV05-4-P-T7,SOT-23-6_L2.9-W1.6-P0.95-LS2.8-BR,83.4,-41,0,top
TV4,SRV05-4-P-T7,SOT-23-6_L2.9-W1.6-P0.95-LS2.8-BR,77.4,-41,180,top
TV5,SRV05-4-P-T7,SOT-23-6_L2.9-W1.6-P0.95-LS2.8-BR,66.35,-31.4,-90,top
U1,AMS1117-5.0,SOT-223_L6.5-W3.5-P2.30-LS7.0-BR,56.8,-36.6,180,top
U2,MT9700,SOT-23-5_L3.0-W1.7-P0.95-LS2.8-BR,34.7,-44.75,90,top
U3,AMS1117-3.3,SOT-223-3_L6.5-W3.4-P2.30-LS7.0-BR,28.7,-40.8,0,top
U4,MT9700,SOT-23-5_L3.0-W1.7-P0.95-LS2.8-BR,23.23,-45.65,-90,top
U5,RT9193-28GB,SOT-23-5_L3.0-W1.7-P0.95-LS2.8-BR,55.9875,-65.5,0,top
U6,CJ431,SOT-23-3_L2.9-W1.6-P1.90-LS2.8-BR,49.2,-93.7,180,top
U7,STM32F407VETx,LQFP-100_14x14mm_P0.5mm,69,-64.82,90,top
U8,LM358,SOIC-8_L5.0-W4.0-P1.27-LS6.0-BL,41.85125,-94.164995,-90,top
U9,W25Q128JVSIQTR,SOIC-8_L5.3-W5.3-P1.27-LS8.0-BL,54.7,-60,-90,top
U10,LAN8720A,QFN-24-1EP_4x4mm_P0.5mm_EP2.6x2.6mm,80.3,-50.1,0,top
U11,BCR421UE6327,SC-74-6_L2.9-W1.6-P0.95-LS2.5-BR,23,-68.25,180,top
U12,BCR421UE6327,SC-74-6_L2.9-W1.6-P0.95-LS2.5-BR,24.75,-61.75,0,top
X1,32.768k,FC-135R_L3.2-W1.5,62.4,-76.22,0,top
X2,25M,OSC-SMD_4P-L3.2-W2.5-BL,68.5,-77.02,0,top
X3,25M,OSC-SMD_4P-L3.2-W2.5-BL,74.055,-50.075,90,top